{
    "usage_stats": {
        "AIzaSyAwd6PcBM-07xBbbuBqBPc3svJsUMvyc1E": {
            "requests_this_minute": [],
            "requests_this_hour": [
                1754704987.2174823,
                1754706158.1189144,
                1754706627.8987226,
                1754706630.0681236,
                1754706633.2019532,
                1754706654.3998876,
                1754706657.5035987,
                1754706671.626416,
                1754706674.849691,
                1754706680.009856,
                1754706680.0125537,
                1754706825.207418,
                1754706829.4242597,
                1754706832.0204031,
                1754706841.986799
            ],
            "requests_this_day": [
                1754704987.2174823,
                1754706158.1189144,
                1754706627.8987226,
                1754706630.0681236,
                1754706633.2019532,
                1754706654.3998876,
                1754706657.5035987,
                1754706671.626416,
                1754706674.849691,
                1754706680.009856,
                1754706680.0125537,
                1754706825.207418,
                1754706829.4242597,
                1754706832.0204031,
                1754706841.986799
            ],
            "total_requests": 250
        },
        "AIzaSyDwDj4i9tptBolcKGHMlqxMOi_CjisQdJE": {
            "requests_this_minute": [
                1754707388.9810853,
                1754707391.5802944,
                1754707395.6512647,
                1754707398.8240364,
                1754707403.597908
            ],
            "requests_this_hour": [
                1754706791.6867044,
                1754707388.9810853,
                1754707391.5802944,
                1754707395.6512647,
                1754707398.8240364,
                1754707403.597908
            ],
            "requests_this_day": [
                1754706791.6867044,
                1754707388.9810853,
                1754707391.5802944,
                1754707395.6512647,
                1754707398.8240364,
                1754707403.597908
            ],
            "total_requests": 156
        },
        "AIzaSyClSfseWKkublCjdZBIq-aYqPoB3jEWj28": {
            "requests_this_minute": [],
            "requests_this_hour": [
                1754704956.7043884,
                1754704987.3001342,
                1754706654.398353,
                1754706711.861465,
                1754706720.1277504,
                1754706727.9704394,
                1754706732.9581926,
                1754706738.4320998,
                1754706746.6851726,
                1754706755.6184692,
                1754706780.3525994,
                1754706785.8682232,
                1754706791.6844916
            ],
            "requests_this_day": [
                1754704956.7043884,
                1754704987.3001342,
                1754706654.398353,
                1754706711.861465,
                1754706720.1277504,
                1754706727.9704394,
                1754706732.9581926,
                1754706738.4320998,
                1754706746.6851726,
                1754706755.6184692,
                1754706780.3525994,
                1754706785.8682232,
                1754706791.6844916
            ],
            "total_requests": 167
        },
        "AIzaSyD_ElDcTSosqzd4Dy9L-4ygL3fP2zsWtq0": {
            "requests_this_minute": [],
            "requests_this_hour": [
                1754706121.0750093,
                1754706135.7848682,
                1754706140.9661045,
                1754706146.077604,
                1754706151.8758004,
                1754706158.1170526,
                1754706841.9886608
            ],
            "requests_this_day": [
                1754706121.0750093,
                1754706135.7848682,
                1754706140.9661045,
                1754706146.077604,
                1754706151.8758004,
                1754706158.1170526,
                1754706841.9886608
            ],
            "total_requests": 39
        },
        "AIzaSyAf__tW7KcUD1-uh9RzGg6Y5eS6e3_PNB0": {
            "requests_this_minute": [],
            "requests_this_hour": [],
            "requests_this_day": [],
            "total_requests": 89
        }
    },
    "disabled_keys": {},
    "failure_counts": {
        "AIzaSyAwd6PcBM-07xBbbuBqBPc3svJsUMvyc1E": 1,
        "AIzaSyDwDj4i9tptBolcKGHMlqxMOi_CjisQdJE": 0,
        "AIzaSyClSfseWKkublCjdZBIq-aYqPoB3jEWj28": 0,
        "AIzaSyD_ElDcTSosqzd4Dy9L-4ygL3fP2zsWtq0": 0,
        "AIzaSyAf__tW7KcUD1-uh9RzGg6Y5eS6e3_PNB0": 3
    },
    "last_used": {
        "AIzaSyAwd6PcBM-07xBbbuBqBPc3svJsUMvyc1E": 1754706841.986799,
        "AIzaSyDwDj4i9tptBolcKGHMlqxMOi_CjisQdJE": 1754707403.597908,
        "AIzaSyClSfseWKkublCjdZBIq-aYqPoB3jEWj28": 1754706791.6844916,
        "AIzaSyD_ElDcTSosqzd4Dy9L-4ygL3fP2zsWtq0": 1754706841.9886608,
        "AIzaSyAf__tW7KcUD1-uh9RzGg6Y5eS6e3_PNB0": 1754575315.3156478
    }
}